-- MySQL dump 10.13  Distrib 5.5.52, for debian-linux-gnu (x86_64)
--
-- Host: localhost    Database: wesufe
-- ------------------------------------------------------
-- Server version	5.5.52-0ubuntu0.14.04.1

/*!40101 SET @OLD_CHARACTER_SET_CLIENT=@@CHARACTER_SET_CLIENT */;
/*!40101 SET @OLD_CHARACTER_SET_RESULTS=@@CHARACTER_SET_RESULTS */;
/*!40101 SET @OLD_COLLATION_CONNECTION=@@COLLATION_CONNECTION */;
/*!40101 SET NAMES utf8 */;
/*!40103 SET @OLD_TIME_ZONE=@@TIME_ZONE */;
/*!40103 SET TIME_ZONE='+00:00' */;
/*!40014 SET @OLD_UNIQUE_CHECKS=@@UNIQUE_CHECKS, UNIQUE_CHECKS=0 */;
/*!40014 SET @OLD_FOREIGN_KEY_CHECKS=@@FOREIGN_KEY_CHECKS, FOREIGN_KEY_CHECKS=0 */;
/*!40101 SET @OLD_SQL_MODE=@@SQL_MODE, SQL_MODE='NO_AUTO_VALUE_ON_ZERO' */;
/*!40111 SET @OLD_SQL_NOTES=@@SQL_NOTES, SQL_NOTES=0 */;

--
-- Table structure for table `think_comment`
--

DROP TABLE IF EXISTS `think_comment`;
/*!40101 SET @saved_cs_client     = @@character_set_client */;
/*!40101 SET character_set_client = utf8 */;
CREATE TABLE `think_comment` (
  `commentid` int(11) NOT NULL AUTO_INCREMENT,
  `postid` int(11) DEFAULT NULL,
  `userid` int(11) DEFAULT NULL,
  `text` varchar(45) DEFAULT NULL,
  `sendtime` varchar(45) DEFAULT NULL,
  PRIMARY KEY (`commentid`)
) ENGINE=InnoDB AUTO_INCREMENT=39 DEFAULT CHARSET=utf8;
/*!40101 SET character_set_client = @saved_cs_client */;

--
-- Dumping data for table `think_comment`
--

LOCK TABLES `think_comment` WRITE;
/*!40000 ALTER TABLE `think_comment` DISABLE KEYS */;
INSERT INTO `think_comment` VALUES (1,4,1,'我的心呐','2016/11/28 22:56'),(3,4,2,'都碎了','2016/11/28 22:56'),(4,4,2,'？？？','2016/11/28 23:19'),(5,3,2,'真的吗','2016/11/28 23:27'),(6,4,3,'试一下','2016/11/28 23:33'),(7,4,3,'为什么','2016/11/28 23:35'),(8,4,1,'有毒吧','2016/11/28 23:35'),(9,4,3,'时好时坏','2016/11/28 23:36'),(10,9,1,'评论有时候会放大，有时候好','2016/11/29 22:46'),(11,9,1,'是','2016/11/30 15:00'),(12,7,1,'ewrg','2016/11/30 15:02'),(18,20,1,'fwe','2016/12/01 12:55'),(19,20,1,'陈菲菲','2016/12/01 12:58'),(20,20,1,'同位语','2016/12/01 13:10'),(21,20,1,'五千万','2016/12/01 13:19'),(22,20,2,'五通桥','2016/12/01 13:20'),(23,20,3,'啊啊啊','2016/12/01 13:29'),(24,4,1,'啊啊啊','2016/12/01 13:30'),(26,20,1,'凌乱了','2016/12/01 13:42'),(27,20,1,'可以了','2016/12/01 13:47'),(28,20,1,'为什么','2016/12/01 13:48'),(29,10,1,'试一下','2016/12/01 13:50'),(30,20,1,'没问题','2016/12/01 13:52'),(31,21,1,'看一看','2016/12/01 13:57'),(32,10,1,'可以了','2016/12/01 13:57'),(33,21,1,'我不信','2016/12/01 14:06'),(34,21,1,'好了吗','2016/12/01 14:09'),(35,24,1,'666','2016/12/01 22:07'),(36,4,1,'这是什么','2016/12/02 10:00'),(37,30,1,'明天见','2016/12/03 21:28'),(38,31,1,'京津冀','2016/12/07 13:05');
/*!40000 ALTER TABLE `think_comment` ENABLE KEYS */;
UNLOCK TABLES;

--
-- Table structure for table `think_lovewall`
--

DROP TABLE IF EXISTS `think_lovewall`;
/*!40101 SET @saved_cs_client     = @@character_set_client */;
/*!40101 SET character_set_client = utf8 */;
CREATE TABLE `think_lovewall` (
  `postid` int(11) NOT NULL AUTO_INCREMENT,
  `like_number` int(11) DEFAULT '0',
  `comment_number` int(11) DEFAULT '0',
  `userid` varchar(45) DEFAULT NULL,
  `text` varchar(210) DEFAULT NULL,
  `sendtime` varchar(45) DEFAULT NULL,
  `sender` varchar(45) DEFAULT NULL,
  `receiver` varchar(45) DEFAULT NULL,
  `gender` char(1) DEFAULT NULL,
  PRIMARY KEY (`postid`)
) ENGINE=InnoDB AUTO_INCREMENT=32 DEFAULT CHARSET=utf8;
/*!40101 SET character_set_client = @saved_cs_client */;

--
-- Dumping data for table `think_lovewall`
--

LOCK TABLES `think_lovewall` WRITE;
/*!40000 ALTER TABLE `think_lovewall` DISABLE KEYS */;
INSERT INTO `think_lovewall` VALUES (1,3,0,'3','这货比三家第三阶段你的你想念','2016/11/28 22:53','匿名','A','0'),(2,1,0,'2','哈哈哈哈我都看尖端科学看柯南','2016/11/28 22:54','B','黑色','1'),(3,1,1,'1','殉节自尽上半年想念那些吗库斯库斯镜子自己在哪你说你是你','2016/11/28 22:54','蓝瘦','鸡蛋卷','0'),(4,5,9,'1','卡红豆布丁，尽职尽责，呐喊，就睡觉就卡，浅蓝色','2016/11/28 22:55','拯救世界','安静','1'),(5,0,0,'3','未知苦处，不信神佛','2016/11/29 21:49','了然','长庚','1'),(6,2,0,'1','锦绣江山就安安静静觉得东京湾千叶县南京奥斯陆时刻开始','2016/11/29 21:50','闻舟','费渡','0'),(7,0,1,'2','卡卡举办基督教安娜卡拉卡业余看看电脑你在哪呢不上班','2016/11/29 21:59','旧爱','卡卡','0'),(8,0,0,'1','石景山表白失败积极暗示吧觉得勃勃生机看不上班就的叽叽说科技玩具江山即使是假的奶奶下','2016/11/29 21:59','教案','哈哈镜啊s','0'),(9,1,2,'2','从数据库添加检测刷新效果','2016/11/29 22:20','55','风','1'),(10,0,2,'1','简直难吧静姝拉坎坎吗你说咯麒麟','2016/11/30 22:55','多加','找您','0'),(11,0,0,'3','就自己暗暗你宋洁晓冰不到继续晓冰阿卡卡兰女裙惊喜','2016/11/30 22:56','匿名','捉襟见肘','1'),(12,0,0,'1','测试机','2016/11/30 23:12','fe','我','0'),(13,2,0,'2','降幅为回复u看看房间穷恶法户维护费','2016/11/30 23:14','分','A','1'),(14,3,0,'1','胡凡何方企鹅回复哦发货和否未恢复','2016/11/30 23:15','绯闻','破','0'),(15,3,0,'3','炯然就够我我u后各位woof老奶奶','2016/11/30 23:19','dfd','王妃','1'),(16,1,0,'1','否额分飞虎恶恶佛','2016/11/30 23:37','分','2','0'),(17,1,0,'1','范文芳凤凰舞发乎额我货','2016/11/30 23:38','额','和','1'),(18,0,0,'1','在靖涵宅啊啦啦啦啦马匹辣椒数据南小鸟你智茗说','2016/11/30 23:42','匿名','中华街','0'),(19,4,0,'1','傲娇那是你是卡卡上极少数异常枢纽站静安曦','2016/12/01 11:56','P','L','1'),(20,2,10,'1','测试ajax发布','2016/12/01 12:18','A','B','0'),(21,0,3,'1','session测试','2016/12/01 12:29','P','K','0'),(22,0,0,'4','喜欢你很久了','2016/12/01 15:51','G','H','0'),(23,1,0,'1','这款哈觉得你暖暖的拉开河北不得不','2016/12/01 22:05','A','Zj','1'),(24,1,1,'1','在中间po会怎么样','2016/12/01 22:07','是','新疆','0'),(25,1,0,'1','a j a x','2016/12/01 22:08','是','新疆','1'),(26,2,0,'1','每天都要发几条测试一下','2016/12/02 09:59','哈哈','呵呵','0'),(29,3,0,'1','怎么会出现null的','2016/12/02 10:02','破','了','1'),(30,0,1,'1','你的名字','2016/12/03 21:28','匿名','P','1'),(31,1,1,'1','质检总局','2016/12/07 13:05','A','B','0');
/*!40000 ALTER TABLE `think_lovewall` ENABLE KEYS */;
UNLOCK TABLES;

--
-- Table structure for table `think_user`
--

DROP TABLE IF EXISTS `think_user`;
/*!40101 SET @saved_cs_client     = @@character_set_client */;
/*!40101 SET character_set_client = utf8 */;
CREATE TABLE `think_user` (
  `userid` int(11) NOT NULL AUTO_INCREMENT,
  `openid` varchar(45) NOT NULL,
  `subscribe` char(1) DEFAULT NULL,
  `subscribe_time` varchar(45) DEFAULT NULL,
  `image` varchar(45) DEFAULT NULL,
  `accessToken` varchar(45) DEFAULT NULL,
  `accessToken_time` varchar(45) DEFAULT NULL,
  `stuNo` varchar(20) DEFAULT NULL,
  `stuName` varchar(45) DEFAULT NULL,
  `stuClass` varchar(45) DEFAULT NULL,
  `stuMajor` varchar(45) DEFAULT NULL,
  `unsubscribe_time` varchar(45) DEFAULT NULL,
  PRIMARY KEY (`userid`),
  UNIQUE KEY `userid_UNIQUE` (`userid`),
  UNIQUE KEY `openid_UNIQUE` (`openid`)
) ENGINE=InnoDB AUTO_INCREMENT=5 DEFAULT CHARSET=utf8;
/*!40101 SET character_set_client = @saved_cs_client */;

--
-- Dumping data for table `think_user`
--

LOCK TABLES `think_user` WRITE;
/*!40000 ALTER TABLE `think_user` DISABLE KEYS */;
INSERT INTO `think_user` VALUES (1,'ov7LNwZrsw_jpkkwhrSq_j2ognxo','1','2016-11-28 22:37:11','#icon-14','2b765ca4-8288-43bb-9438-1ddf8f3fa573','1481093791','2013111184','杨依莹','13信息1班','信息管理与信息系统',NULL),(2,'ov7LNwfazjMQ60UKDKr25URwJpzY','1','2016-11-28 23:16:47','#icon-07','48d9e8d2-9e7e-4943-9574-c9a8cef70746','1480346237','2014110808','宋飒飒','14信息管理实验班','信息管理与信息系统',NULL),(3,'ov7LNwS3sN3PqsPuQEi1uXq4jc-c','0','2016-11-28 23:33:21','#icon-20',NULL,NULL,NULL,NULL,NULL,NULL,'2016-11-28 23:36:42'),(4,'ov7LNwZ_wQmmVyhwO_nHRdIeOVic','1','2016-12-01 15:49:00','#icon-22','7690904b-626a-4d31-b210-dd7cf60ea8a1','1480578572','2013110566','胡明怡','13信息2班','信息管理与信息系统',NULL);
/*!40000 ALTER TABLE `think_user` ENABLE KEYS */;
UNLOCK TABLES;
/*!40103 SET TIME_ZONE=@OLD_TIME_ZONE */;

/*!40101 SET SQL_MODE=@OLD_SQL_MODE */;
/*!40014 SET FOREIGN_KEY_CHECKS=@OLD_FOREIGN_KEY_CHECKS */;
/*!40014 SET UNIQUE_CHECKS=@OLD_UNIQUE_CHECKS */;
/*!40101 SET CHARACTER_SET_CLIENT=@OLD_CHARACTER_SET_CLIENT */;
/*!40101 SET CHARACTER_SET_RESULTS=@OLD_CHARACTER_SET_RESULTS */;
/*!40101 SET COLLATION_CONNECTION=@OLD_COLLATION_CONNECTION */;
/*!40111 SET SQL_NOTES=@OLD_SQL_NOTES */;

-- Dump completed on 2016-12-07 16:08:53
